Name,Level,School,Casting Time,Concentration,Ritual,Description
Abi-Dalzim's Horrid Wilting,8,necromancy,1 action,False,False,Creatures in a 30-foot cube must succeed on a Con. save or take 12d8 necrotic damage. Plants wither and die.
Absorb Elements,1,abjuration,1 reaction,False,False,The caster has resistance to the damage received and deals 1d6 extra damage of the same type on his next attack (damage/level).
Acid Splash,0,conjuration,1 action,False,False,1 or 2 creatures within 5 feet must succeed on a Dex. save or take 1d6 acid damage (damage/level).
Aganazzar's Scorcher,2,evocation,1 action,False,False,"Creatures on a 30-ft-long, 5-ft-wide line must succeed on a Dex. save or taker 3d8 fire damage (damage/level)."
Aid,2,abjuration,1 action,False,False,Up to 3 creatures increase their hp maximum and current hp by 5 (+5 hp/level).
Alarm,1,abjuration,1 minute,False,True,Alert the caster or activate an alarm if a Tiny or larger creature enters a warded 20-ft cube.
Alter Self,2,transmutation,1 action,True,False,"Give a new form depending on the chosen option (Aquatic Adaptation, Change Appearance, or Natural Weapons)."
Animal Friendship,1,enchantment,1 action,False,False,A beast with Intelligence 3 or less must succeed on a Wis. save or be charmed (+1 beast/level).
Animal Messenger,2,enchantment,1 action,False,True,A Tiny beast travels to deliver a 25 words message to a target (+48 h/level).
Animal Shapes,8,transmutation,1 action,True,False,Willing targets within 30 ft turn into beasts of CR 4 or lower.
Animate Dead,3,necromancy,1 minute,False,False,"Create a skeleton from bones or a zombie from a corpse, who is under the caster control (+2 creatures/level)."
Animate Objects,5,transmutation,1 action,True,False,Animate up to 10 non-magic objects and control their actions up to 500 ft (+2 items/level).
Antilife Shell,5,abjuration,1 action,True,False,Prevent creatures other than undead and constructs from entering in a 10-ft radius.
Antimagic Field,8,abjuration,1 action,True,False,Create a 10-ft-radius sphere in which spells and magic items no longer work.
Antipathy/Sympathy,8,enchantment,1 hour,False,False,Attract or repel (Wis. save in order to not be attracted or scared) a kind of creature designated within 60 ft.
Arcane Eye,4,divination,1 action,True,False,Create an invisible eye with darkvision that sends the caster the mental image of what it sees.
Arcane Gate,6,conjuration,1 action,True,False,Create 2 portals (max 500 ft between them) and allow teleport from one to the other.
Arcane Lock,2,abjuration,1 action,False,False,"Lock an object (door, window, chest, etc) and the caster can set a password to suppresses the spell for 1 minute."
Armor of Agathys,1,abjuration,1 action,False,False,The caster gains 5 temporary hp and creatures who hits him with a melee attack take 5 cold damage (+5 hp and damage/level).
Arms of Hadar,1,conjuration,1 action,False,False,Creatures in a 10-ft radius must succeed on a Str. save or take 2d6 necrotic damage (damage/level)
Astral Projection,9,necromancy,1 hour,False,False,The caster and up to 8 creatures are projected into the Astral Plane.
Augury,2,divination,1 minute,False,True,"The caster obtains an omen about the result of an action within the next 30 min (weal, woe, both or nothing)."
Aura of Life,4,abjuration,1 action,True,False,Creatures in a 30-ft radius gain resistance to necrotic damage and regain 1 hp when at 0 hp.
Aura of Purity,4,abjuration,1 action,True,False,"Creatures in a 30-ft radius can not become diseased, gain resistance to poison, and get advantage on various saving throws."
Aura of Vitality,3,evocation,1 action,True,False,One target in a 30-ft radius regains 2d6 hp.
Awaken,5,transmutation,8 hours,False,False,Give a beast or plant (Intelligence 3 or less) the ability to speak and senses similar to a human's for 30 days.
Bane,1,enchantment,1 action,True,False,Up to 3 targets must succeed on a Cha. save or subtract 1d4 from their attack roll or saving throw (+1 creature/level).
Banishing Smite,5,abjuration,1 action bonus,True,False,"If the weapon attack hits, deal an extra 5d10 force damage. Target reduced to 50 hp or fewer this way are banished"
Banishment,4,abjuration,1 action,True,False,The target must succeed on a Cha. save or be banished to a harmless demiplane (+1 creature/level).
Barkskin,2,transmutation,1 action,True,False,The target's AC can't be less than 16.
Beacon of Hope,3,abjuration,1 action,True,False,"Targets gain advantage on Wis. saving throws and death saving throws, and regain the maximum number of hp from healing."
Beast Bond,1,divination,1 action,True,False,Create a telepathic link with one beast to communicate with it.
Beast Sense,2,divination,1 action,True,True,The caster can see/hear/feel through the senses of a willing beast.
Bestow curse,3,necromancy,1 action,True,False,The target must succeed on a Wis. save or suffer an effect as a disadvantage to a check or lose an action (duration/level).
Bigby's Hand,5,evocation,1 action,True,False,"Create a Large hand with a Strength of 26 that can strike (4d8 force damage), push, grapple, or protect (damage/level)."
Blade Barrier,6,evocation,1 action,True,False,Create a 100 x 20 x 5 ft wall that provides three-quarters cover and can inflict 6d10 slashing damage if passed through.
Blade of Disaster,9,conjuration,1 bonus action,True,False,Make 2+2 melee spell attacks that deal on a hit 4d12 force damage each.
Blade Ward,0,abjuration,1 action,False,False,"The caster gets resistance against bludgeoning, piercing, and slashing damage dealt by weapon attacks."
Bless,1,enchantment,1 action,True,False,Up to 3 targets can add 1d4 to their attack roll or saving throw (+1 creature/level).
Blight,4,necromancy,1 action,False,False,The target must succeed on a Con. save or take 8d8 necrotic damage (damage/level).
Blinding Smite,3,evocation,1 bonus action,True,False,"If the attack hits, deals an extra 3d8 radiant damage and the target must succeed on a Con. save or be blinded."
Blindness/Deafness,2,necromancy,1 action,False,False,The target must succeed on a Con. save or become blinded or deafened (+1 creature/level).
Blink,3,transmutation,1 action,False,False,"The caster has 50% of chance to switch to the Ethereal Plane, then returns to the space he vanished from on the next turn."
Blur,2,illusion,1 action,True,False,The caster's body becomes blurred and creatures that attack him have disadvantage on attack rolls against him.
Bones of the Earth,6,transmutation,1 action,False,False,Create up to 6 vertical 5 x 30 ft pillars of stone (+2 pillars/level). Possibility of crushing creatures to the ceiling.
Booming Blade,0,evocation,1 action,False,False,"If a weapon attack hits, deals 1d8 thunder damage if the target moves (damage/level)."
Branding Smite,2,evocation,1 bonus action,True,False,"If a weapon attack hits, deals an extra 2d6 radiant damage and the target sheds dim light in 5-ft radius (damage/level)."
Burning Hands,1,evocation,1 action,False,False,Creatures in a 15-ft cone must succeed on a Dex. save or take 3d6 fire damage (damage/level).
Call Lightning,3,conjuration,1 action,True,False,Creatures in a 5-ft radius must succeed on a Dex. save or take 3d10 lightning damage (damage/level) on each turn.
Calm Emotions,2,enchantment,1 action,True,False,"Creatures in a 20-foot-radius sphere must succeed on a Cha. save or no longer be charmed/frightened, or be indifferent"
Catapult,1,transmutation,1 action,False,False,The target must succeed on Dex. save or take 3d8 bludgeoning damage of an object up to 5 pounds (+5 pounds and +1d8/level).
Catnap,3,enchantment,1 action,False,False,3 willing creatures fall unconscious and gain the benefice of a short rest (+1 creature/level).
Cause Fear,1,necromancy,1 action,True,False,The target must succeed on a Wis. save or becomes frightened (number of targets/level).
Ceremony,1,abjuration,1 hour,False,True,"Perform a religious ceremony (bless water, give bonus to AC, ability check, saving throw, etc)."
Chain Lightning,6,evocation,1 action,False,False,Up to 4 different targets must succeed on a Dex. save or take 10d8 lightning damage (+1 target/level).
Chaos Bolt,1,evocation,1 action,False,False,"If the attack hits, deals 2d8 + 1d6 damage of a random type (damage/level). Rebound if double 8."
Charm Monster,4,enchantment,1 action,False,False,The target must succeed on a Wis. save or be charmed by the caster (duration/level).
Charm Person,1,enchantment,1 action,False,False,The humanoid target must succeed on a Wis. save or be charmed by the caster (+1 creature/level).
Chill Touch,0,necromancy,1 action,False,False,"If the spell attack hits, deals 1d8 necrotic damage (damage/level) and the target can't regain hp immediately."
Chromatic Orb,1,evocation,1 action,False,False,"If the spell attack hits, deals 3d8 damage of a previously determined type (damage/level)"
Circle of Death,6,necromancy,1 action,False,False,Creatures in a 60-ft-radius sphere must succeed on a Con. save or take 8d6 necrotic damage (damage/level).
Circle of Power,5,abjuration,1 action,True,False,Friendly creatures in a 30-ft radius have advantage on saving throws against spells and other magical effects.
Clairvoyance,3,divination,10 minutes,True,False,"Create an invisible sensor in a familiar location within 1 mile, allowing to see or to hear (to choose, can switch)."
Clone,8,necromancy,1 hour,False,False,"Create in 120 days the inert double of a living creature. If the original creature dies, its soul is transferred to the clone."
Cloud of Daggers,2,conjuration,1 action,True,False,Creatures in a 5-ft cube take automatically 4d4 slashing damage (damage/level).
Cloudkill,5,conjuration,1 action,True,False,Creatures in a 20-ft-radius sphere must succeed on a Con. save or take 5d8 poison damage (damage/level).
Color Spray,1,illusion,1 action,False,False,6d10 creatures hp are dazzled in ascending order of their current hp (+2d10 hp/level).
Command,1,enchantment,1 action,False,False,"The target must succeed on a Wis. save or follow your order as Approach, Drop, Flee, Fall, Halt, etc (+1 creature/level)."
Commune,5,divination,1 minute,False,True,Allow to obtain from a divine entity the answers (yes or no) to 3 questions.
Commune with Nature,5,divination,1 minute,False,True,The caster gets 3 informations about the surrounding territory. Doesn't function in dungeons or towns.
Compelled Duel,1,enchantment,1 bonus action,True,False,The target must succeed on a Wis. save or get a disadvantage on attack rolls against creatures other than the caster.
Comprehend Languages,1,divination,1 action,False,True,The caster understands any spoken and written (1 min/page) language. Doesn't decode secret messages.
Compulsion,4,enchantment,1 action,True,False,Targets within 30 ft must succeed on a Wis. save or move in a specified direction.
Cone of Cold,5,evocation,1 action,False,False,Creatures in a 60-ft cone must succeed on a Con. save or take 8d8 cold damage (damage/level).
Confusion,4,enchantment,1 action,True,False,Creatures in a 10-ft-radius sphere must succeed on a Wis. save or can't take actions normally (+ 5-ft-radius/level).
Conjure Animals,3,conjuration,1 action,True,False,"Summon from 1 beast of CR 2 to 8 beasts of CR 1/4, friendly (number of creatures/level)."
Conjure Barrage,3,conjuration,1 action,False,False,Creatures in a 60-ft cone must succeed on a Dex. save or take 3d8 damage from the weapon/ammunition used.
Conjure Celestial,7,conjuration,1 minute,True,False,"Summon 1 celestial of CR 4, friendly (CR +1/level)."
Conjure Elemental,5,conjuration,1 minute,True,False,"Summon 1 elemental of CR 5, friendly (CR +1/level)."
Conjure Fey,6,conjuration,1 minute,True,False,"Summon 1 fey of CR 6, friendly (CR +1/level)."
Conjure Minor Elementals,4,conjuration,1 minute,True,False,"Summon from 1 elemental of CR 2 to 8 elemental of CR 1/4, friendly (number of creatures/level)."
Conjure Volley,5,conjuration,1 action,False,False,"Creatures in a 40-ft-radius, 20-ft-high cylinder must succeed on a Dex. save or take 8d8 damage from the weapon/ammunition used."
Conjure Woodland Beings,4,conjuration,1 action,True,False,"Summon from 1 fey of CR 2 to 8 fey of CR 1/4, friendly (number of creatures/level)."
Contact Other Plane,5,divination,1 minute,False,True,"Contact an extraplanar entity to ask it 5 questions if an Int. save is successful. Otherwise, 6d6 psychic damage."
Contagion,5,necromancy,1 action,False,False,"If the spell attack hits, target is afflicted with a disease to choose from 6 proposed."
Contingency,6,evocation,10 minutes,False,False,Condition the activation of a 5th level spell or lower that can target the caster.
Continual Flame,2,evocation,1 action,False,False,"Create a flame that produces a light equivalent in brightness to a torch, but does not emit any heat."
Control Flames,0,transmutation,1 action,False,False,"Control nonmagical fires to expand, extinguish, enlarge, shape simple forms, etc."
Control Water,4,transmutation,1 action,True,False,"Control the water in a 100-ft cube (cause a flood, part the water, redirect the flow, create a whirlpool)."
Control Weather,8,transmutation,10 minutes,True,False,"Modify gradually the climatic conditions outdoors (precipitation, temperature and wind force)."
Control Winds,5,transmutation,1 action,True,False,"Controls air in a 100-ft cube and produce an effect (Gusts, Downdraft or Updraft)."
Cordon of Arrows,2,transmutation,1 action,False,False,4 ammunition deal 1d6 piercing damage if the target doesn't succeed on a Dex. save (nbr of ammunition/level).
Counterspell,3,abjuration,1 reaction,False,False,"In reaction, fail a spell of 3rd level or lower. Ability check if the spell is 4th level or higher (threshold/level)."
Create Bonfire,0,conjuration,1 action,True,False,Creatures in a 5-ft cube must succeed on a Dex. save or take 1d8 fire damage (damage/level).
Create Food and Water,3,conjuration,1 action,False,False,"Create 45 pounds of food and 30 gallons of water, enough to sustain 15 humanoids for 24 hours."
Create Homunculus,6,transmutation,1 hour,False,False,Create one homunculus and the caster can transfer his hit points to it up to his next long rest.
Create or Destroy Water,1,transmutation,1 action,False,False,Create or destroy up to 10 gallons of water (+10 gallons/level).
Create Undead,6,necromancy,1 minute,False,False,Up to 3 Medium or Small humanoids corpses become a ghoul who obey the caster for 24 h (number and type of creatures/level).
Creation,5,illusion,1 minute,False,False,Create a non-living object made of vegetable matter or mineral and no larger than a 5-ft cube (+5 ft/level).
Crown of Madness,2,enchantment,1 action,True,False,The target must succeed on a Wis. save or be charmed. It then can attack a target designated by the caster.
Crown of Stars,7,evocation,1 action,False,False,"If the spell attack hits, 7 motes deal 4d12 radiant damage each (+1 mote/level)."
Crusader's Mantle,3,evocation,1 action,True,False,Friendly creatures in a 30-ft radius deal an extra 1d4 radiant damage when they hit with a weapon attack.
Cure Wounds,1,evocation,1 action,False,False,1 creature regains 1d8+ability-mod (+1d8 hp/level).
Dancing Lights,0,evocation,1 action,True,False,Create up to 4 torch-sized lights that shed dim light in a 10-ft radius and can be moved later up to 60 ft.
Danse Macabre,5,necromancy,1 action,True,False,Up to 5 Small or Medium corpses become zombie or skeleton under the caster control (+2 corpses/level).
Darkness,2,evocation,1 action,True,False,Fill a 15-ft-radius sphere of magical darkness.
Darkvision,2,transmutation,1 action,False,False,The target can see in the dark within 60 feet.
Dawn,5,evocation,1 action,True,False,"Creatures in a 30-ft-radius, 40-ft-high cylinder must succeed on a Con. save or take 4d10 radiant damage."
Daylight,3,evocation,1 action,False,False,Create a sphere that sheds bright light in a 60-ft radius and dim light in an additional 60-ft radius.
Death Ward,4,abjuration,1 action,False,False,"When the target drops to 0 hp for the first time, it automatically returns to 1 hp."
Delayed Blast Fireball,7,evocation,1 action,True,False,Creatures in a 20-ft-radius sphere must succeed on a Dex. save or take 12d6 fire damage (damage/level).
Demiplane,8,conjuration,1 action,False,False,Create a door that leads to a demiplane (30-ft cube). Creatures still in the demiplane at the end of the spell are trapped.
Destructive Wave,5,evocation,1 action,False,False,Targets in a 30-ft radius must succeed on a Con. save or take 5d6 thunder damage and 5d6 radiant or necrotic damage.
Detect Evil and Good,1,divination,1 action,True,False,"The caster senses and locates aberration, celestial, elemental, fey, fiend, or undead within 30 ft."
Detect Magic,1,divination,1 action,True,True,The caster senses the presence of magic in a 30-ft radius and learns its school of magic.
Detect Poison and Disease,1,divination,1 action,True,True,"The caster senses and identifies poison, poisonous creature, or disease within 30 ft."
Detect Thoughts,2,divination,1 action,True,False,"The caster detects the superficial thoughts of a creature within 30 ft, and the deepest if the target misses a Wis. save."
Dimension Door,4,conjuration,1 action,False,False,The caster and another creature of the same size are teleported to a maximum of 500 feet.
Disguise Self,1,illusion,1 action,False,False,Modify the appearance of the caster (its physical and its equipment) thanks to an illusion.
Disintegrate,6,transmutation,1 action,False,False,The target must succeed on a Dex. save or take 10d6+40 force damage (damage/level). An Large or smaller object is disintegrated.
Dispel Evil and Good,5,abjuration,1 action,True,False,"End a condition (charmed, frightened, or possessed) or banish a creature to its home plane (Cha. save)."
Dispel Magic,3,abjuration,1 action,False,False,End spells of 3rd level 3 or lower on a target. Ability check for each spell of 4th level or higher (threshold/level).
Dissonant Whispers,1,enchantment,1 action,False,False,The target must succeed on a Wis. save or take 3d6 psychic damage and move away (damage/level).
Divination,4,divination,1 action,False,True,The caster gets a truthful reply to 1 question about an event to occur within 7 days.
Divine Favor,1,evocation,1 bonus action,True,False,"If a weapon attack hits, deals an extra 1d4 radiant damage."
Divine Word,7,evocation,1 bonus action,False,False,"Targets must succeed on a Cha. save or suffer an effect (deafened, blinded, etc). Some creatures are banned."
Dominate Beast,4,enchantment,1 action,True,False,A beast within 60 ft must succeed on a Wis. save or be charmed and obey the launcher (duration/level).
Dominate Monster,8,enchantment,1 action,True,False,The target must succeed on a Wis. save or be charmed and obey the caster (duration/level).
Dominate Person,5,enchantment,1 action,True,False,One humanoid must succeed on a Wis. save or be charmed and obey the caster (duration/level).
Dragon's Breath,2,transmutation,1 bonus action,True,False,"Spew a 15-ft cone that deals 3d6 acid, cold, fire, lightning, or poison damage in case of failed Dex. save (damage/level)."
Drawmij's Instant Summons,6,conjuration,1 minute,False,True,"Mark a 10 pounds or less object and allow to teleport it into the caster hand, wherever it is, if not held."
Dream,5,illusion,1 minute,False,False,Shape the dreams of a sleeping creature who can take 3d6 psychic damage if it fails on a Wis. save.
Dream of the Blue Veil,7,conjuration,10 minutes,False,False,The caster and up to 8 creatures are transported to another world on the Material Plane.
Druid Grove,6,abjuration,10 minutes,False,False,"Protect a 30 x 30 x 30 ft area with fog, vines, animated trees, or other effects."
Druidcraft,0,transmutation,1 action,False,False,"Provide various minor effects related to nature (weather forecast, flowering, sensory effect, etc)."
Dust Devil,2,conjuration,1 action,True,False,Creatures within 5 ft must succeed on a Str. save or take 1d8 bludgeoning damage (damage/level).
Earth Tremor,1,evocation,1 action,False,False,Creatures in a 10-foot radius must succeed on a Dex. save or take 1d6 bludgeoning damage and be knocked prone (damage/level).
Earthbind,2,transmutation,1 action,True,False,Target within 300 ft must succeed on a Str. save or its flying speed is reduced to 0 (descends at 60 ft/round).
Earthquake,8,evocation,1 action,True,False,Creatures in a 100-ft radius must succeed on a Dex. save or be knocked prone. Cause damage to structures.
Eldritch Blast,0,evocation,1 action,False,False,"If the spell attack hits, deals 1d10 force damage (number of beam/level)."
Elemental Bane,4,transmutation,1 action,True,False,The target must succeed on a Con. save or suffer an extra 2d6 damage of a specific type (+1 target/level).
Elemental Weapon,3,transmutation,1 action,True,False,A weapon becomes magical with a +1 bonus to attack rolls and deal an extra 1d4 damage of a chosen type (bonus/level).
Enemies Abound,3,enchantment,1 action,True,False,The target must succeed on an Int. save or not be able to distinguish friend from foe 
Enervation,5,necromancy,1 action,True,False,The target must succeed on a Dex. save or take 4d8 necrotic damage each turn (+1d8/level).
Enhance Ability,2,transmutation,1 action,True,False,"The target gains advantage on ability checks for one predefined ability, and other bonuses in such cases (+1 creature/level)."
Enlarge/Reduce,2,transmutation,1 action,True,False,Double or halve the size of a creature (Con. save) or an object.
Ensnaring Strike,1,conjuration,1 bonus action,True,False,The target must succeed on a Str. save or be restrained and take 1d6 piercing damage (damage/level).
Entangle,1,conjuration,1 action,True,False,Creatures in a 20-ft square (difficult terrain) must succeed on a Str. save or be restrained.
Enthrall,2,enchantment,1 action,False,False,Targets must succeed on a Wis. save or have disadvantage on Wisdom (Perception) checks to perceive others creatures.
Erupting Earth,3,transmutation,1 action,False,False,Creatures in a 20-foot cube (difficult terrain) must succeed on a Dex. save or take 3d12 bludgeoning damage (damage/level).
Etherealness,7,transmutation,1 action,False,False,The caster is projected into the Ethereal Plane (number of creatures/level).
Evard's Black Tentacles,4,conjuration,1 action,True,False,Creatures in a 20-ft square must succeed on a Dex. save or take 3d6 bludgeoning damage and be restrained.
Expeditious Retreat,1,transmutation,1 bonus action,True,False,The caster can take the Dash action by using a bonus action.
Eyebite,6,necromancy,1 action,True,False,"The target in a 60-ft radius must succeed on a Wis. save or take on a the following effects: asleep, panicked or sickened."
Fabricate,4,transmutation,10 minutes,False,False,Convert raw materials into Large or smaller simples objects of the same material.
Faerie Fire,1,evocation,1 action,True,False,Creatures in a 20-ft cube must succeed on a Dex. save or grant advantage against them to attackers.
False Life,1,necromancy,1 action,False,False,The caster gains 1d4+4 temporary hit points (+5 hp/level).
Far Step,5,conjuration,1 bonus action,True,False,Teleport the caster up to 60 ft on each round with a bonus action.
Fear,3,illusion,1 action,True,False,"Creatures in a 30-ft cone must succeed on a Wis. save or drop whatever they are holding, become frightened and move away."
Feather Fall,1,transmutation,1 reaction,False,False,Up to 5 creatures fall at 60 feet per round and take no falling damage before the spell ends.
Feeblemind,8,enchantment,1 action,False,False,The target take 4d6 psychic damage and must succeed on an Int. save or his Charisma and Intelligence scores become 1.
Feign Death,3,necromancy,1 action,False,True,The willing target appears dead to all outward inspection.
Find Familiar,1,conjuration,1 hour,False,True,Summon a small animal that obeys the caster and telepathically shares his senses with him.
Find Greater Steed,4,conjuration,10 minutes,False,False,"Summon a spirit that assumes the form a steed (griffon, pegasus, etc) telepathically linked to the caster."
Find Steed,2,conjuration,10 minutes,False,False,"Summon a spirit that assumes the form a steed (horse, elk, etc) telepathically linked to the caster."
Find the Path,6,divination,1 minute,True,False,Determine the shortest and most direct physical path to reach a known destination.
Find Traps,2,divination,1 action,False,False,"The caster senses the presence of any trap in a 120-fr radius, but the spell don't give their location."
Finger of Death,7,necromancy,1 action,False,False,"The target must succeed on a Con. save or take 7d8+30 necrotic damage. If killed, becomes a zombie under the caster command."
Fire Bolt,0,evocation,1 action,False,False,"If the spell attack hits, deals 1d10 fire damage (damage/level). An object can ignite."
Fire Shield,4,evocation,1 action,False,False,"The caster gains resistance to cold or fire damage, and deals 2d8 damage to attackers who hit him within 5 ft."
Fire Storm,7,evocation,1 action,False,False,Creatures in ten 10-ft cube must succeed on a Dex. save or take 7d10 fire damage.
Fireball,3,evocation,1 action,False,False,Creatures in a 20-ft radius must succeed on a Dex. save or take 8d6 fire damage (damage/level).
Flame Arrows,3,transmutation,1 action,True,False,12 arrows/bolts deal an extra 1d6 fire damage (+2 ammunition/level).
Flame Blade,2,evocation,1 bonus action,True,False,"If the spell attack hits, deals 3d6 fire damage (damage/level). Shed bright light in 10 ft and dim light in additional 10 ft."
Flame Strike,5,evocation,1 action,False,False,"Creatures in a 10-ft-radius, 40-ft-high cylinder must succeed on a Dex. save or take 4d6 fire and 4d6 radiant (damage/level)."
Flaming Sphere,2,conjuration,1 action,True,False,Creatures within 5 ft from a 5-ft-diameter sphere must succeed on a Dex. save or take 2d6 fire damage (damage/level).
Flesh to Stone,6,transmutation,1 action,True,False,"The target within 60 ft must succeed on a Con. save or be restrained, or petrified after 3 failures."
Fly,3,transmutation,1 action,True,False,The target gets a flying speed of 60 ft (+1 creature/level).
Fog Cloud,1,conjuration,1 action,True,False,Makes an area heavily obscured in a 20-ft-radius sphere (+20 ft/level).
Forbiddance,6,abjuration,10 minutes,False,True,Prevent teleporting to the protected area and inflicts 5d10 radiant or necrotic damage to some type of creatures.
Forcecage,7,evocation,1 action,False,False,Creates a 20-ft cage or a 10-ft box of magical force that traps a creature. Escape by magicial means only.
Foresight,9,divination,1 minute,False,False,"1 creature sees its near future, can not be surprised and has advantage on his rolls. Attacks against it have disadvantage."
Freedom of Movement,4,abjuration,1 action,False,False,"Target's movement is unaffected by difficult terrain, spells or water."
Friends,0,enchantment,1 action,True,False,The casters gets advantage on all Charisma checks directed at one chosen creature that isn't hostile toward him.
Frostbite,0,evocation,1 action,False,False,The target must succeed on a Con. save or take 1d6 cold damage and have disadvantage on next attack roll (damage/level).
Gaseous Form,3,transmutation,1 action,True,False,"The target turns into a cloud, gets a flying speed of 10 ft, and can pass through small holes."
Gate,9,conjuration,1 action,True,False,Create a portal to another plan. Also allows to summon a creature from another plane.
Geas,5,enchantment,1 minute,False,False,The target must succeed on a Wis. save or be charmed and take 5d10 psychic if it doesn't obey (duration/level).
Gentle Repose,2,necromancy,1 action,False,True,Protect a corpse from decay or to become undead.
Giant Insect,4,transmutation,1 action,True,False,Transform insects (from 10 centipedes to 1 scorpion) into giant creatures that obey the caster's orders.
Glibness,8,transmutation,1 action,False,False,Give 15 to a Charisma check and hides the lies during a magic detection.
Globe of Invulnerability,6,abjuration,1 action,True,False,Block 5th level spells or lower within a 10-ft radius (threshold/level).
Glyph of Warding,3,abjuration,1 hour,False,False,A glyph on an object deals 5d8 damage in a 20-ft radius (damage/level) or casts a 3rd level spell (level/level) when triggered.
Goodberry,1,transmutation,1 action,False,False,Create up to 10 berries that restore 1 hp each and keep their power for 24 hours.
Grasping Vine,4,conjuration,1 bonus action,True,False,The target must succeed on a Dex. save or be pulled 20 ft toward the vine.
Grease,1,conjuration,1 action,False,False,Creatures in a 10-ft square (difficult terrain) must succeed on a Dex. save or fall prone.
Greater Invisibility,4,illusion,1 action,True,False,The target becomes invisible for 1 minute.
Greater Restoration,5,abjuration,1 action,False,False,"End one condition (charmed or petrified), one curse, any ability scores or hp reduction, or one exhaustion level."
Green-Flame Blade,0,evocation,1 action,False,False,"If a weapon attack hits, deals also fire damage equal to ability-mod to another creature (damage/level) within 5 ft."
Guardian of Faith,4,conjuration,1 action,False,False,Hostiles creatures within a 10-ft radius of the created guardian must succeed on a Dex. save or take 20 radiant damage.
Guardian of Nature,4,transmutation,1 bonus action,True,False,"Transform the caster into a Primal Beast (+10 ft, darkvision, ...) or a Great Tree (+10 hp, advantage on some rolls, ...)."
Guards and Wards,6,abjuration,10 minutes,False,False,Create a ward that protect a 50-ft square. Can set a password to immunize individuals.
Guidance,0,divination,1 action,True,False,The target can add 1d4 to one ability check of its choice.
Guiding Bolt,1,evocation,1 action,False,False,"If the spell attack hits, deals 4d6 radiant damage (damage/level) and the next attack roll will have advantage."
Gust,0,transmutation,1 action,False,False,Control air to move objects or creatures (Medium or smaller) or create harmless sensory effects.
Gust of Wind,2,evocation,1 action,True,False,"Creatures on a 60-ft-long, 10-ft-wide line mus succeed on a Str. save or be pushed 15 ft away."
Hail of Thorns,1,conjuration,1 bonus action,True,False,Creatures in a 5-ft radius must succeed on a Dex. save or take 1d10 piercing damage (damage/level).
Hallow,5,evocation,24 hours,False,False,"Prevent celestials, elementals, fey, fiends, and undead to enter a 60-ft-radius area and protect/handicap the targets."
Hallucinatory Terrain,4,illusion,10 minutes,False,False,Make a natural terrain looks like another type (for example a road becomes a swamp or a crevasse).
Harm,6,necromancy,1 action,False,False,The target must succeed on a Con. save or take 14d6 necrotic damage. The spell can't kill it however.
Haste,3,transmutation,1 action,True,False,"Target's speed is doubled. It also gains a +2 bonus to AC, advantage on Dex. saves and 1 additional action."
Heal,6,evocation,1 action,False,False,"1 creature regains 70 hp and are cured of diseases, blindness, and deafness (+10 hp/level)."
Healing Spirit,2,conjuration,1 bonus action,True,False,Creatures in touch with the spirit gain 1d6 hp (+1d6 hp/level).
Healing Word,1,evocation,1 bonus action,False,False,1 creature regains 1d4+ability-mod (+1d4 hp/level).
Heat Metal,2,transmutation,1 action,True,False,Creatures in physical contact with the metal object take 2d8 fire damage (damage/level).
Hellish Rebuke,1,evocation,1 reaction,False,False,The target must succeed on a Dex. save or take 2d10 fire damage (damage/level).
Heroes' Feast,6,conjuration,10 minutes,False,False,"Produce a feast for 12 guests that cures diseases, immunizes to poison and increases hp by 2d10 for 24 hours."
Heroism,1,enchantment,1 action,True,False,The target is immune to being frightened and gains temporary hp equal to its ability-mod each turns (+1 creature/level).
Hex,1,enchantment,1 bonus action,True,False,"If an attack hits, deals an extra 1d6 necrotic damage. Disadvantage on a chosen ability check (duration/level)."
Hold Monster,5,enchantment,1 action,True,False,Target must succeed on a Wis. save or be paralyzed (+1 creature/level).
Hold Person,2,enchantment,1 action,True,False,The target must succeed on a Wis. save or be paralyzed (+1 creature/level).
Holy Aura,8,abjuration,1 action,True,False,Targets in a 30-ft radius have advantage on saving throws. Other creatures have disadvantage on attack rolls against them.
Holy Weapon,5,evocation,1 bonus action,True,False,"The touched weapon shines, deals an extra 2d8 radiant damage, and can burst on a 30-ft radius (Save or 4d8 radiant)."
Hunger of Hadar,3,conjuration,1 action,True,False,Creatures in a 20-ft-radius sphere take 2d6 cold damage et must succeed on a Dex. save or take 2d6 acid damage.
Hunter's Mark,1,divination,1 bonus action,True,False,The target take an extra 1d6 damage and caster has advantage on Wisdom (Perception/Survival) checks to find it (duration/level).
Hypnotic Pattern,3,illusion,1 action,True,False,"Creatures in a 30-ft cube must succeed on a Wis. save or be charmed and incapacitated, with a speed of 0."
Ice Knife,1,conjuration,1 action,False,False,"If the spell attack hits, deals 1d10 piercing damage + Dex. save or 2d6 cold damage (damage/level) within 5 ft."
Ice Storm,4,evocation,1 action,False,False,"Creatures in a 20-ft-radius, 40-ft-high cylinder must succeed on a Dex. save or take 2d8 bludgeoning damage and 4d6 cold damage."
Identify,1,divination,1 minute,False,True,"The caster obtains properties of a magic item (attunement, charges) or knows if an item or a creature is affected by a spell."
Illusory Dragon,8,illusion,1 action,True,False,Creatures that see this illusory Huge dragon must succeed on a Wis. save or be frightened for 1 min.
Illusory Script,1,illusion,1 minute,False,True,Write a secret message that can only be read by a designated target or a creature with truesight.
Immolation,5,evocation,1 action,True,False,The target within 90 ft must succeed on a Dex. save or take 8d6 fire damage and 4d6 fire damage thereafter.
Imprisonment,9,abjuration,1 minute,False,False,The target within 30 ft must succeed on a Wis. save or be held prisoner. The form is to choose from 6 options.
Incendiary Cloud,8,conjuration,1 action,True,False,Creatures in a 20-ft-radius sphere must succeed on a Dex. save or take 10d8 fire damage.
Infernal Calling,5,conjuration,1 minute,True,False,Summon 1 devil CR 6 unfriendly (CR +1/level).
Infestation,0,conjuration,1 action,False,False,The target must succeed on a Con. save or take 1d6 poison damage and move 5 ft in a random direction (damage/level).
Inflict Wounds,1,necromancy,1 action,False,False,"If the spell attack hits, deals 3d10 necrotic damage (damage/level)."
Insect Plague,5,conjuration,1 action,True,False,Creatures in a 20-ft-radius sphere must succeed on a Con. save or take 4d10 piercing damage (damage/level).
Intellect Fortress,3,abjuration,1 action,True,False,"1 creature gets resistance to psychic damage and advantage on Int., Wis. and Cha. saves ( +1 creature/level)."
Investiture of Flame,6,transmutation,1 action,True,False,Creatures in a 15-ft-long line must succeed on a Dex. save or take 4d8 fire damage. Immunity and resistance to caster.
Investiture of Ice,6,transmutation,1 action,True,False,Creatures in a 15-ft cone must succeed on a Con. save or take 4d6 cold damage. Immunity and resistance to caster.
Investiture of Stone,6,transmutation,1 action,True,False,Creatures in a 15-ft radius must succeed on a Dex. save or be knocked prone. Resistance and move across earth/stone.
Investiture of Wind,6,transmutation,1 action,True,False,Creatures in a 15-ft cube must succeed on a Con. save or take 2d10 bludgeoning damage. Flying speed 60 ft.
Invisibility,2,illusion,1 action,True,False,The target becomes invisible during 1 hour or until she attacks or casts a spell (+1 creature/level).
Invulnerability,9,abjuration,1 action,True,False,The caster gains immunity to all damage.
Jump,1,transmutation,1 action,False,False,The target gets a jump distance multiplied by 3.
Knock,2,transmutation,1 action,False,False,"Unlock or unbar 1 object (door, chest, padlock, set of manacles, etc) or suppressed the arcane lock spell for 10 minutes."
Legend Lore,5,divination,10 minutes,False,False,"The caster obtains information about a person, place, or object. The lore consist of tales or stories."
Leomund's Secret Chest,4,conjuration,1 action,False,False,Hide a chest (3 x 2 x 2 ft) and its contents in the Ethereal Plane.
Leomund's Tiny Hut,3,evocation,1 minute,False,True,Create a 10-ft-radius dome that can shelter and protect 9 Medium creatures with the caster.
Lesser Restoration,2,abjuration,1 action,False,False,"End one disease or one condition (blinded, deafened, paralyzed, or poisoned) on 1 creature."
Levitate,2,transmutation,1 action,True,False,1 creature or object that weighs up to 500 pounds rises vertically up to 20 ft then remains suspended.
Life Transference,3,necromancy,1 action,False,False,The caster takes 4d8 necrotic damage and another creature gains twice the amount (+1d8 hp/level).
Light,0,evocation,1 action,False,False,Make an object to shed bright light in a 20-ft radius and dim light in an additional 20-ft radius.
Lightning Arrow,3,transmutation,1 bonus action,True,False,"If the attack hits, deals 4d8 lightning damage. Creatures within 10 ft must succeed on a Dex. save or take 2d8 lightning damage."
Lightning Bolt,3,evocation,1 action,False,False,"Creatures on a 100-ft-long, 5-ft-wide line must succeed on a Dex. save or take 8d6 lightning damage (damage/level)."
Lightning Lure,0,evocation,1 action,False,False,The target must succeed on a Str. save or take 1d8 lightning damage and be pulled up to 10 ft.
Locate Animals or Plants,2,divination,1 action,False,True,Give the direction and distance to a kind of beast or plant within 5 miles.
Locate Creature,4,divination,1 action,True,False,The caster senses the direction in which a familiar creature is within a 1000-ft radius.
Locate Object,2,divination,1 action,True,False,"The caster senses the direction to the location of an object you are familiar with, within a 1000 ft radius."
Longstrider,1,transmutation,1 action,False,False,The target gets a speed increased by 10 ft (+1 creature/level).
Maddening Darkness,8,evocation,1 action,True,False,Creatures in a 60-ft-radius sphere of darkness must succeed on a Wis. save or take 8d8 psychic damage.
Maelstrom,5,evocation,1 action,True,False,Creatures in a 30-ft radius must succeed on a Str. save or take 6d6 bludgeoning damage and be pulled towards the center.
Mage Armor,1,abjuration,1 action,False,False,"The target, willing and not wearing armor, gets an AC equal to 13+Dex.Mod."
Mage Hand,0,conjuration,1 action,False,False,"Create a spectral hand that can in a 30-ft radius manipulate an object, open a door, stow an item, etc."
Magic Circle,3,abjuration,1 minute,False,False,"Create a 10-ft-radius, 20-ft-tall cylinder that protect from celestials, elementals, fey, fiends, and/or undead (+1 h/level)."
Magic Jar,6,necromancy,1 minute,False,False,The caster projects his soul into an urn and then returns to his body or possesses a humanoid body.
Magic Missile,1,evocation,1 action,False,False,3 missiles deal automatically 1d4+1 force damage each to one or several creatures (+1 missile/level).
Magic Mouth,2,illusion,1 minute,False,True,Creates a magical mouth that will repeat a message of up to 25 words when a trigger condition is met.
Magic Stone,0,transmutation,1 bonus action,False,False,Up to 3 pebbles deal 1d6+ability-mod bludgeoning damage if the spell attack hits.
Magic Weapon,2,transmutation,1 bonus action,True,False,Turn a weapon into a +1 magic weapon for attack rolls and damage rolls (+2 or +3 bonus/level).
Major Image,3,illusion,1 action,True,False,"Create the image of an animated object or creature, with sounds and smells (without concentration/level)."
Mass Cure Wounds,5,evocation,1 action,False,False,Up to 6 creatures regain 3d8+ability-mod (+1d8 hp/level).
Mass Heal,9,evocation,1 action,False,False,"Several creatures regain a total of 700 ph and are cured of diseases, blindness, and deafness."
Mass Healing Word,3,evocation,1 bonus action,False,False,Up to 6 creatures regain 1d4+ability-mod (+1d4 hp/level).
Mass Polymorph,9,transmutation,1 action,True,False,Transform up to 10 creatures into new beast forms whose CR/level are equal to or less than the target's CR/level.
Mass Suggestion,6,enchantment,1 action,False,False,Up to 12 targets must succeed on a Wis. save or follow the suggestion given by the caster (duration/level).
Maximilian's Earthen Grasp,2,transmutation,1 action,True,False,The target must succeed on a Str. save or take 2d6 bludgeoning damage and be restrained.
Maze,8,conjuration,1 action,True,False,Banish a creature into a labyrinthine demiplane. Intelligence check to escape before the end of the spell.
Meld into Stone,3,transmutation,1 action,False,True,The caster can penetrate the stone.
Melf's Acid Arrow,2,evocation,1 action,False,False,"If the spell attack hits, deals 4d4 acid damage, then 2d4 acid damage on the next round (damage/level)."
Melf's Minute Meteors,3,evocation,1 action,True,False,Creatures within 5 ft must succeed on a Dex-save or take 2d6 fire damage for each of the 6 meteors (+2 meteors/level).
Mending,0,transmutation,1 minute,False,False,"Repair break or tear in an object (broken chain link, two halves of a broken key, torn cloak, leaking wineskin, etc)."
Mental Prison,6,illusion,1 action,True,False,The target must succeed on an Int. save or take 5d10 psychic damage and believe to be surrounded by fire or other hazard.
Message,0,transmutation,1 action,False,False,The caster whispers a message to a creature within 120 ft who will be the only one to hear it. It can reply the same way.
Meteor Swarm,9,evocation,1 action,False,False,Creatures in a 40-ft-radius sphere must succeed on a Dex. save or take 20d6 fire damage and 20d6 bludgeoning damage.
Mighty Fortress,8,conjuration,1 minute,False,False,Let erupt a fortress of stone on a 120 x 120 ft area for 7 days.
Mind Blank,8,abjuration,1 action,False,False,"The target is immune to psychic damage, reading thoughts, divination spells, and the charmed condition."
Mind Sliver,0,enchantment,1 action,False,False,The target must succeed on an Int. save or take 1d6 psychic damage (damage/level).
Mind Spike,2,divination,1 action,True,False,The target must succeed on a Wis. save or take 3d8 psychic damage (damage/level).
Minor Illusion,0,illusion,1 action,False,False,Create a sound or an immobile image of an object no larger than a 5-ft cube.
Mirage Arcane,7,illusion,10 minutes,False,False,"Transform the appearance (sight, sound, smell and feel) of a 1 mile square."
Mirror Image,2,illusion,1 action,False,False,"Create 3 illusory duplicates of the caster, each of them having a DC equal to 10 + Dex and being destroyed if they are hit."
Mislead,5,illusion,1 action,True,False,"The caster becomes invisible and creates a double that moves, acts and speaks. The caster can see and hear through this double."
Misty Step,2,conjuration,1 bonus action,False,False,The caster is teleported up to 30 feet.
Modify Memory,5,enchantment,1 action,True,False,The target must succeed on a Wis. save or be charmed and its memory altered (seniority of memories/level).
Mold Earth,0,transmutation,1 action,False,False,"Control dirt or stone to excavate, shape, turn it into difficult terrain, etc."
Moonbeam,2,evocation,1 action,True,False,"Creatures in a 5-ft-radius, 40-ft-high cylinder must succeed on a Con. save or take 2d10 radiant damage (damage/level)."
Mordenkainen's Faithful Hound,4,conjuration,1 action,False,False,Summon an invisible watchdog that barks when a creature approaches and attacks it (4d8 piercing damage).
Mordenkainen's Magnificent Mansion,7,conjuration,1 minute,False,False,Create an extradimensional mansion with all the comforts that can shelter the caster and other creatures.
Mordenkainen's Private Sanctum,4,abjuration,10 minutes,False,False,Create a secure cube up to 100 ft on each side. The type of protection is to choose (+100 ft on each side/level).
Mordenkainen's Sword,7,evocation,1 action,True,False,"If the spell attack hits, deals 3d10 force damage. The sword can move."
Move Earth,6,transmutation,1 action,True,False,"Shape dirt, sand, or clay, but not stone (raise, lower, flatten, create a trench, etc) in a 40-ft square in 10 min."
Negative Energy Flood,5,necromancy,1 action,False,False,"The target must succeed on a Con. save or take 5d12 necrotic damage. Killed that way, the target rises as a zombie"
Nondetection,3,abjuration,1 action,False,False,Protect a creature or an object from any divination magic or magical scrying.
Nystul's Magic Aura,2,illusion,1 action,False,False,Reveal false information about a creature or an object that would be the target of a divination spell.
Otiluke's Freezing Sphere,6,evocation,1 action,False,False,Creatures in a 60-ft-radius sphere must succeed on a Con. save or take 10d6 cold damage (damage/level).
Otiluke's Resilient Sphere,4,evocation,1 action,True,False,The Large size or smaller target must succeeded on a Dex. save or be enclosed for the spell duration.
Otto's Irresistible Dance,6,enchantment,1 action,True,False,The target must succeed on a Wis. save or dance (disadvantage on Dex. save and attack rolls).
Pass without Trace,2,abjuration,1 action,True,False,The caster and his allies within 30 ft get a +10 bonus to Dexterity (Discretion) checks and leave behind no tracks or traces.
Passwall,5,transmutation,1 action,False,False,"Open a 5-ft wide, 8-ft tall, 20-ft deep passage through stone, wood or plaster."
Phantasmal Force,2,illusion,1 action,True,False,Tha target must succeed on an Int. save or perceive as real an object or creature created by the caster (with sound).
Phantasmal Killer,4,illusion,1 action,True,False,The target must succeed on a Wis. save or be frightened then take 4d10 psychic damage (damage/level) on each of it's turn.
Phantom Steed,3,illusion,1 minute,False,True,Create a quasi-real Large horselike creature and everything to mount it.
Planar Ally,6,conjuration,10 minutes,False,False,"Summon a celestial, elemental, or fiend that will help the caster in exchange for payment (1000 gp/h, sacrifice, quest, etc)."
Planar Binding,5,abjuration,1 hour,False,False,"The target (celestial, elemental, fey, or fiend) must succeed on a Cha. save or serve the caster (duration/level)."
Plane Shift,7,conjuration,1 action,False,False,"The caster and up to 8 creatures are transported to another plane of existence, or a creature is banished (Cha. save)."
Plant Growth,3,transmutation,1 action or 8 hours,False,False,"Plants in the area grow vigorously, or over a year the plants produce twice the normal amount of food."
Poison Spray,0,conjuration,1 action,False,False,The target must succeed on a Con. save or take 1d12 poison damage (damage/level).
Polymorph,4,transmutation,1 action,True,False,Transform a target into a new beast form whose CR/level is equal to or less than the target's CR/level.
Power Word Heal,9,evocation,1 action,False,False,"The target regains all its hp and charmed, frightened, paralyzed, and stunned conditions end."
Power Word Kill,9,enchantment,1 action,False,False,The target (100 hp or fewer) dies!
Power Word Pain,7,enchantment,1 action,False,False,"The target (100 hp max) has its speed reduced to 10 ft, disadvantage on d20 rolls and has to make a Con. save to cast spells."
Power Word Stun,8,enchantment,1 action,False,False,The target (150 hp or fewer) is stunned until it succeeds on a Con. save.
Prayer of Healing,2,evocation,10 minutes,False,False,Up to 6 creatures regain 2d8+ability-mod (+1d8 hp/level).
Prestidigitation,0,transmutation,1 action,False,False,"Minor magical trick (sensory effect, light a torch, clean an object, warm, make a symbol appear, create a trinket, etc)."
Primal Savagery,0,transmutation,1 action,False,False,"If the melee spell attack hits, deals 1d10 acid damage (damage/level)."
Primordial Ward,6,abjuration,1 action,True,False,"The caster gets resistance to acid, cold, fire, lightning, and thunder damage or immunity to a single type."
Prismatic Spray,7,evocation,1 action,False,False,Creatures in a 60-ft cone must succeed on a Dex. save or take 10d6 damage of a randomly determined type.
Prismatic Wall,9,abjuration,1 action,False,False,Create a multi-layered wall that inflicts different effects and damage depending on the layer.
Produce Flame,0,conjuration,1 action,False,False,"If the spell attack hits, deals 1d8 fire damage (damage/level). Shed bright light in 10 ft and dim light in additional 10 ft."
Programmed Illusion,6,illusion,1 action,False,False,"Create the image of an animated object or creature, with sounds, for 5 min, with a triggering condition."
Project Image,7,illusion,1 action,True,False,"Create a copy of the caster that mimics him, moves and emits sounds. The caster can see and hear through this double."
Protection from Energy,3,abjuration,1 action,True,False,"The target gains resistance to one damage type (acid, cold, fire, lightning, or thunder)."
Protection from Evil and Good,1,abjuration,1 action,True,False,"The target is protected (disadvantage on attack rolls) against aberrations, celestials, elementals, fey, fiends, and undead."
Protection from Poison,2,abjuration,1 action,False,False,"Neutralize 1 poison in one creature, give advantage on saving throws against being poisoned, and resistance to poison damage."
Psychic Scream,9,enchantment,1 action,False,False,Up to 10 creatures must succeed on an Int. save or take 14d6 psychic damage.
Purify Food and Drink,1,transmutation,1 action,False,True,Purified and rendered free of poison and disease nonmagical food and drink in a 5-ft-radius sphere.
Pyrotechnics,2,transmutation,1 action,False,False,Target flame within 60-ft and make them explode (Con. save or blinded) or spread smoke (heavily obscured).
Raise Dead,5,necromancy,1 hour,False,False,Take back to life (1 hp) a creature died for no longer than 10 days. Doesn't restore missing body parts.
Rary's Telepathic Bond,5,divination,1 action,False,True,Create a telepathic link between up to 8 people in a 30-ft radius for 1 hour.
Ray of Enfeeblement,2,necromancy,1 action,True,False,"If the spell attack hits, the target deals only half damage with a weapon attack that use Strength (Con. save)."
Ray of Frost,0,evocation,1 action,False,False,"If the spell attack hits, deals 1d8 cold damage (damage/level) and the target's speed is reduced by 10 ft."
Ray of Sickness,1,necromancy,1 action,False,False,"If the attack hits, deals 2d8 poison damage (damage/level) and the target can be poisoned (Con. save)."
Regenerate,7,transmutation,1 minute,False,False,The target regains 4d8+15 hp then 1 hp per round and its severed members are restored.
Reincarnate,5,transmutation,1 hour,False,False,Reincarnate the soul of an humanoid died for no longer than 10 days. The race of the new body is determined at random.
Remove Curse,3,abjuration,1 action,False,False,End all curses affecting one creature or object.
Resistance,0,abjuration,1 action,True,False,The target can add 1d4 to one saving throw of its choice.
Resurrection,7,necromancy,1 hour,False,False,Take back to life (all hp) a creature died for no longer than 100 years (except of old age). Restore any missing body parts.
Reverse Gravity,7,transmutation,1 action,True,False,"Invert gravity in a 50-ft-radius, 100-ft-high cylinder."
Revivify,3,necromancy,1 action,False,False,Take back to 1 hp a creature that has died within the last minute (except of old age).
Rope Trick,2,transmutation,1 action,False,False,Vertically raise a rope that lead to an extradimensional space that can hold 8 Medium creatures.
Sacred Flame,0,evocation,1 action,False,False,The target must succeed on a Dex. save or take 1d8 radiant damage (damage/level).
Sanctuary,1,abjuration,1 bonus action,False,False,The target force a Wis. save to avoid attacks or harmful spells that target it directly.
Scatter,6,conjuration,1 action,False,False,Up to 5 creatures are teleported (Wis. save if unwilling) within 120 ft.
Scorching Ray,2,evocation,1 action,False,False,"If the spell attacks hit, 3 rays deal 2d6 fire damage each (+1 ray/level)."
Scrying,5,divination,10 minutes,True,False,Allow you to see and hear a specific creature (can also target a location) on the same plane (Wis. save).
Searing Smite,1,evocation,1 bonus action,True,False,"If the attack hits, deals an extra 1d6 fire damage and ignite the target (damage/level)."
See Invisibility,2,divination,1 action,False,False,"The caster sees invisible creatures and objects, and into the Ethereal Plane."
Seeming,5,illusion,1 action,False,False,Change physical appearance as well as clothing and equipment of targets (saving throw for unwilling).
Sending,3,evocation,1 action,False,False,"Send a 25-words message to a creature you are familiar with, regardless of the distance or the plan. It can answer it."
Sequester,7,transmutation,1 action,False,False,Protect a willing creature (who becomes invisible and unconscious) or an object from divination spells.
Shadow Blade,2,illusion,1 bonus action,True,False,"Create a weapon that deals 2d8 psychic damage with the finesse, light, and thrown properties (damage/level)."
Shadow of Moil,4,necromancy,1 action,True,False,The caster gains resistance to radiant damage and deals 2d8 necrotic damage to creatures that hit him with an attack.
Shape Water,0,transmutation,1 action,False,False,"Control water to obtain various minor effects such as changing color, freezing, changing the flow, etc."
Shapechange,9,transmutation,1 action,True,False,The caster takes the form of a creature he has seen at least once with a CR equal to its level or lower.
Shatter,2,evocation,1 action,False,False,Creatures in a 10-ft-radius sphere must succeed on a Con. save or take 3d8 thunder damage (damage/level).
Shield,1,abjuration,1 reaction,False,False,"In reaction, the caster gains a +5 bonus to AC and take no damage from the magic missile spell."
Shield of Faith,1,abjuration,1 bonus action,True,False,The target gets a +2 bonus to AC.
Shillelagh,0,transmutation,1 bonus action,False,False,Make magical a wooden weapon. Its damage become a d8 and the caster can use his spellcasting ability instead of Strength.
Shocking Grasp,0,evocation,1 action,False,False,"If the spell attack hits, deals 1d8 lightning damage (damage/level) and the target can't take reactions."
Sickening Radiance,4,evocation,1 action,True,False,Creatures in a 30-ft radius must succeed on a Con. save or take 4d10 radiant damage and one level of exhaustion.
Silence,2,illusion,1 action,True,True,Block all sounds within a 20-ft-radius sphere.
Silent Image,1,illusion,1 action,True,False,Create the image of an object or a creature (without sound and no larger than a 15-ft cube) and lets it move.
Simulacrum,7,illusion,12 hours,False,False,"Create a duplicate of a beast or humanoid with the same abilities, half of the hp and without equipment."
Skill Empowerment,5,transmutation,1 action,True,False,The target doubles its proficiency bonus for one skill.
Skywrite,2,transmutation,1 action,True,True,Create up to 10 words in the clouds.
Sleep,1,enchantment,1 action,False,False,"5d8 hp of creatures fall unconscious, starting with the creature with the lowest current hp (+2d8 hp/level)."
Sleet Storm,3,conjuration,1 action,True,False,"Creatures in a 20-ft-radius, 20-ft-tall cylinder (heavily obscured) must succeed on a Dex. save or fall prone."
Slow,3,transmutation,1 action,True,False,"Up to 6 targets must succeed on a Wis. save, or have their speed and actions reduced and -2 to CA and Dex. saves."
Snare,1,abjuration,1 minute,False,False,Create a magic trap (Dex. save or the Small to Large size creature is hoisted into the air).
Snilloc's Snowball Swarm,2,evocation,1 action,False,False,Creatures in a 5-ft-radius sphere must succeed on a Dex. save or take 3d6 cold damage (damage/level).
Soul Cage,6,necromancy,1 reaction,False,False,"Snatch a soul to regain hp, ask it a question, get advantage on a roll, or see a place it saw in life."
Spare the Dying,0,necromancy,1 action,False,False,1 living creature with 0 hit points becomes stable.
Speak with Animals,1,divination,1 action,False,True,The caster communicates with beats that can share information or help.
Speak with Dead,3,necromancy,1 action,False,False,Allow a corpse that still has a mouth and is not an undead to answer 5 questions to the caster.
Speak with Plants,3,transmutation,1 action,False,False,"The caster can communicate with plants within 30 ft, and turns difficult terrain into ordinary terrain or vice versa."
Spider Climb,2,transmutation,1 action,True,False,The target can move along vertical surfaces while leaving its hands free and gains climbing speed.
Spike Growth,2,transmutation,1 action,True,False,Creatures in a 20-ft radius (difficult terrain) take 2d4 piercing damage for every 5 ft of movement.
Spirit Guardians,3,conjuration,1 action,True,False,Targets in a 15-ft radius must succeed on a Wis. save or take 3d8 radiant or necrotic damage (damage/level).
Spirit Shroud,3,necromancy,1 bonus action,True,False,"If an attack hits, deals an extra 1d8 radiant, necrotic or cold damage (damage/level)."
Spiritual Weapon,2,evocation,1 bonus action,False,False,"If the spell attack hits, deals 1d8+ability-mod force damage (damage/level). A bonus action allows another attack."
Staggering Smite,4,evocation,1 bonus action,True,False,"If the attack hits, deals an extra 4d6 psychic damage and the target must succeed on a Wis. save or have a disadvantage."
Steel Wind Strike,5,conjuration,1 action,False,False,"If the spell attack hits, deals 6d10 force damage to 5 creatures, then the caster teleports."
Stinking Cloud,3,conjuration,1 action,True,False,Creatures in a 20-ft-radius sphere must succeed on a Con. save or spend their action that turn retching and reeling.
Stone Shape,4,transmutation,1 action,False,False,"Give a stone no more than 5 ft in any dimension any shape, or create an opening in it."
Stoneskin,4,abjuration,1 action,True,False,"The target gets resistance to nonmagical bludgeoning, piercing, and slashing damage."
Storm of Vengeance,9,conjuration,1 action,True,False,Creatures in a 360-ft radius must succeed on a Con. save or be deafened and suffer various damage and effects.
Storm Sphere,4,evocation,1 action,True,False,Creatures in a 20-ft-radius sphere must succeed on a Str. save or take 2d6 bludgeoning damage (damage/level).
Suggestion,2,enchantment,1 action,True,False,The target must succeed on a Wis. save or follow the suggestion given by the caster in one or two sentences.
Summon Aberration,4,conjuration,1 action,True,False,"Summon an aberrant spirit, friendly (stat/level)."
Summon Beast,2,conjuration,1 action,True,False,"Summon a bestial spirit, friendly (stat/level)."
Summon Celestial,5,conjuration,1 action,True,False,"Summon a celestial spirit, friendly (stat/level)."
Summon Construct,4,conjuration,1 action,True,False,"Summon the spirit of a construct, friendly (stat/level)."
Summon Elemental,4,conjuration,1 action,True,False,"Summon an elemental spirit, friendly (stat/level)."
Summon Fey,3,conjuration,1 action,True,False,"Summon a fey spirit, friendly (stat/level)."
Summon Fiend,6,conjuration,1 action,True,False,"Summon a fiendish spirit, friendly (stat/level)."
Summon Greater Demon,4,conjuration,1 action,True,False,"Summon 1 demon of CR 5, friendly (CR +1/level)."
Summon Lesser Demons,3,conjuration,1 action,True,False,"Summon 2 demons of CR 1 to 8 demons of CR 1/4, unfriendly (nbr of creatures/level)."
Summon Shadowspawn,3,conjuration,1 action,True,False,"Summon an shadowy spirit, friendly (stat/level)."
Summon Undead,3,necromancy,1 action,True,False,"Summon an undead spirit, friendly (stat/level)."
Sunbeam,6,evocation,1 action,True,False,"Creatures on a 5-ft-wide, 60-ft-long line must succeed on a Con. save or take 6d8 radiant damage and be blinded."
Sunburst,8,evocation,1 action,False,False,Creatures in a 60-ft radius must succeed on a Con. save or take 12d6 radiant damage and be blinded for 1 min.
Swift Quiver,5,transmutation,1 bonus action,True,False,"Make a quiver to produce an endless supply of nonmagical ammunition, allowing 2 attacks per round with a bonus action."
Sword Burst,0,conjuration,1 action,False,False,Creatures in a 5-ft-radius must succeed on a Dex. save or take 1d6 force damage (damage/level).
Symbol,7,abjuration,1 minute,False,False,"Set the trigger and the effect of a glyph on an object (death, discord, fear, hopelessness, insanity, pain, sleep, etc)."
Synaptic Static,5,enchantment,1 action,False,False,Creatures in a 20-ft radius must succeed on an Int. save or take 8d6 psychic damage.
Tasha's Caustic Brew,1,evocation,1 action,True,False,"Creatures on a 30-ft-long, 5-ft-wide line must succeed on a Dex. save or taker 2d4 acid damage (damage/level)."
Tasha's Hideous Laughter,1,enchantment,1 action,True,False,"The target must succeed on a Wis. save or falls into fits of laughter, fall prone and becoming incapacitated."
Tasha's Mind Whip,2,enchantment,1 action,False,False,The target must succeed on an Int. save or take 3d6 psychic damage and its actions are limited (+1 target/level).
Tasha's Otherworldly Guise,6,transmutation,1 bonus action,True,False,"The caster gains several immunities, a flight speed, an AC bonus, his weapons are magical and he can attack twice."
Telekinesis,5,transmutation,1 action,True,False,"Move a creature (Huge or smaller) or object (up to 1,000 pounds) by thought in case of successful contest."
Telepathy,8,evocation,1 action,False,False,Communicate via telepathy with a known and willing creature on the same plane of existence.
Teleport,7,conjuration,1 action,False,False,The caster and 8 creatures are teleported anywhere on the same plane. Risk of failure depending on the destination familiarity.
Teleportation Circle,5,conjuration,1 minute,False,False,Create a circle that allows anyone to be teleported to another teleportation circle known to the caster.
Temple of the Gods,7,conjuration,1 hour,False,False,Let erupt a temple dedicated to a god on a 120 x 120 ft area for 1 day.
Tenser's Floating Disk,1,conjuration,1 action,False,True,Create a floating 3-ft-diameter disk that can support up to 500 pounds and follows the caster.
Tenser's Transformation,6,transmutation,1 action,True,False,"The caster gains 50 hp, advantage on attack rolls, an extra 2d12 force damage, martial proficiencies and two attacks per round."
Thaumaturgy,0,transmutation,1 action,False,False,Create various minor effects to impress or distract creatures.
Thorn Whip,0,transmutation,1 action,False,False,"If the attack hits, deals 1d6 piercing damage and pull the target (Larger or smaller) up to 10 ft (damage/level)."
Thunder Step,3,conjuration,1 action,False,False,The caster teleports and creatures within 10 ft must succeed on a Con. save or take 3d10 thunder damage.
Thunderclap,0,evocation,1 action,False,False,Creatures within 5 ft must succeed on a Con. save or take 1d6 thunder damage (damage/level).
Thunderous Smite,1,evocation,1 bonus action,True,False,"If the attack hits, deals an extra 2d6 thunder damage, and target must succeed on a Str. save or be pushed and knocked prone."
Thunderwave,1,evocation,1 action,False,False,Creatures in a 15-ft cube must succeed on a Con. save or take 2d8 thunder damage (damage/level).
Tidal Wave,3,conjuration,1 action,False,False,Creatures in an 30 x 10 x 10 ft area must succeed on Dex. save or take 4d8 bludgeoning damage and be knocked prone.
Time Stop,9,transmutation,1 action,False,False,Stop the time during 1d4+1 turns for everyone except for the caster.
Tiny Servant,3,transmutation,1 minute,False,False,Transform one Tiny object into a creature with arms and legs under the caster control (+2 objects/level).
Toll the Dead,0,necromancy,1 action,False,False,The target must succeed on a Wis. save or take 1d8 or 1d12 necrotic damage (damage/level).
Tongues,3,divination,1 action,False,False,The target understands and speaks any spoken language it hears.
Transmute Rock,5,transmutation,1 action,False,False,Transform a 40-ft cube of rock into mud or of mud into rock.
Transport via Plants,6,conjuration,1 action,False,False,The caster can move from one plant to another plant (Large or larger) using 5 ft.
Tree Stride,5,conjuration,1 action,True,False,The caster can move from one tree to another tree of the same kind (500 ft max between both) using 5 ft.
True Polymorph,9,transmutation,1 action,True,False,Transform a creature or object into a new form (creature <-> object) of CR/level at most equal to the CR/level of the creature
True Resurrection,9,necromancy,1 hour,False,False,"Take back to life (all hp) a creature died for no longer than 200 years (except of old age), even without the original body."
True Seeing,6,divination,1 action,False,False,"The target gets truesight, sees magic secret doors and in the Ethereal Plane."
True Strike,0,divination,1 action,True,False,The caster gains advantage on his first attack roll against a target.
Tsunami,8,conjuration,1 minute,True,False,"Creatures in a 300-ft-long, 300-ft-high, 50-ft-thick area must succeed on a Str. save or take 6d10 bludgeoning damage."
Unseen Servant,1,conjuration,1 action,False,True,"Create an invisible servant who performs simple tasks (bring something back, clean up, maintain a fire, serve at table, etc)."
Vampiric Touch,3,necromancy,1 action,True,False,"If the spell attack hits, deals 3d6 necrotic damage (damage/level) and the caster regains 50% of his hp."
Vicious Mockery,0,enchantment,1 action,False,False,The target must succeed on a Wis. save or take 1d4 psychic damage and have disadvantage on its attack roll (damage/level).
Vitriolic Sphere,4,evocation,1 action,False,False,Creatures within 20-ft must succeed on a Dex. save or take 10d4 acid damage (damage/level) then 5d4 acid damage on its turn.
Wall of Fire,4,evocation,1 action,True,False,Create a 60 x 20 x 1 ft wall of fire. Creatures inside or within 10ft of one side of the wall take 5d8 fire damage (damage/level).
Wall of Force,5,evocation,1 action,True,False,Create a physically insurmountable wall of force (ten 10-ft panels) immune to all types of damage.
Wall of Ice,6,evocation,1 action,True,False,Create a wall of ice (ten 10-ft panels) that can be damaged and can inflict 5d6 cold damage if passed through (damage/level).
Wall of Light,5,evocation,1 action,True,False,"Create a 60-ft-long, 10-ft-high, 5-ft-thick wall of light that can deal 4d8 radiant damage to one target (damage/level)."
Wall of Sand,3,evocation,1 action,True,False,"Create a 30-ft-long, 10-ft-high, 10-ft-thick sand wall that blocks line of sight (blinded) but not movement."
Wall of Stone,5,evocation,1 action,True,False,Create a nonmagical wall of stone (ten 10-ft panels) that can be damaged.
Wall of Thorns,6,conjuration,1 action,True,False,"Create an 60-ft-long, 10-ft-high, 5-ft-thick wall of brush that slows movement and can inflict 7d8 piercing damage (damage/level)."
Wall of Water,3,evocation,1 action,True,False,"Create a 30-ft-long, 10-ft-high, 1-ft-thick wall of water that gives disadvantage on ranged attacks and halved fire damage."
Warding Bond,2,abjuration,1 action,False,False,"The target gains +1 on AC, +1 on saving throws and resistance to all damage, but the caster shares damage."
Warding Wind,2,evocation,1 action,True,False,"Create strong wind (20 miles/h) in a 10-ft radius (deafen, extinguish flames, hedge out gas, difficult terrain, etc)."
Water Breathing,3,transmutation,1 action,False,True,Up to 10 creatures gets the ability to breathe underwater.
Water Walk,3,transmutation,1 action,False,True,"Up to 10 creatures can move on a liquid surface (water, acid, mud, lava, etc) as if it were harmless solid ground."
Watery Sphere,4,conjuration,1 action,True,False,Up to 4 Medium creatures or 1 Large creature in a 10-ft radius must succeed on a Str. save or be restrained.
Web,2,conjuration,1 action,True,False,"Create a 20-ft cube filled by thick, sticky webs (difficult terrain) that can restrain creature (Dex. save)."
Weird,9,illusion,1 action,True,False,Creatures in a 30-ft-radius sphere must succeed on a Wis. save or be frightened and take 4d10 psychic damage each turn.
Whirlwind,7,evocation,1 action,True,False,"Creatures in a 10-ft-radius, 30-foot-high cylinder must succeed on a Dex. save or take 10d6 blunt damage."
Wind Walk,6,transmutation,1 minute,False,False,The caster and up to 10 creatures assume gaseous form (flying speed of 300 ft and resistance to damage from nonmagical weapon).
Wind Wall,3,evocation,1 action,True,False,"Create a 50-ft-long, 15-ft-high, 1-ft-thick wall of wind. Small flying creatures can't pass. Arrows and bolts are deflected."
Wish,9,conjuration,1 action,False,False,"Duplicate a 8th level spell or lower without components, or create another effect at the MD discretion."
Witch Bolt,1,evocation,1 action,True,False,"If the spell attack hits, deals 1d12 lightning damage (damage/level) on each round."
Word of Radiance,0,evocation,1 action,False,False,Creatures in a 5-ft-radius must succeed on a Con. save or take 1d6 radiant damage (/level).
Word of Recall,6,conjuration,1 action,False,False,The caster and up to 5 other creatures are teleported to a previously designated sanctuary.
Wrath of Nature,5,evocation,1 action,True,False,"Animate trees, rocks, and grasses in a 60 x 60 x 60 ft cube."
Wrathful Smite,1,evocation,1 bonus action,True,False,"If the attack hits, deals an extra 1d6 psychic damage and the target must succeed on a Wis. save or be frightened."
Zephyr Strike,1,transmutation,1 action bonus,True,False,The caster's movement (+30 ft) doesn't provoke OA and he gets advantage on one attack roll that deals an extra 1d8 force.
Zone of Truth,2,enchantment,1 action,False,False,Creatures within a 15-ft-radius sphere must succeed on a Cha. save or can not lie.
